id,position
7,66.0
14,75.0
21,-54.0
28,61.0
35,97.0
42,34.0
49,46.0
56,76.0
63,76.0
70,76.0
77,-129.0
84,-129.0
91,-12.0
98,-12.0
105,78.0
112,78.0
119,78.0
126,78.0
133,-100.0
140,106.0
147,113.0
154,119.0
161,67.0
168,92.0
175,118.0
182,118.0
189,118.0
196,18.0
203,39.0
210,111.0
217,51.0
224,99.0
231,99.0
238,99.0
245,-56.0
252,-56.0
259,-112.0
266,-112.0
273,95.0
280,109.0
287,109.0
294,109.0
301,109.0
308,-87.0
315,99.0
322,-15.0
329,91.0
336,91.0
343,66.0
350,66.0
357,66.0
364,66.0
371,89.0
378,-52.0
385,82.0
392,82.0
399,-43.0
406,99.0
413,99.0
420,-48.0
427,-96.0
434,-96.0
441,100.0
448,83.0
455,83.0
462,124.0
469,124.0
476,-79.0
483,113.0
490,-52.0
497,107.0
504,79.0
511,-148.0
518,-148.0
525,-148.0
532,92.0
539,-124.0
546,76.0
553,76.0
560,76.0
567,140.0
574,136.0
581,115.0
588,-151.0
595,-151.0
602,-143.0
609,-118.0
616,-98.0
623,-57.0
630,-117.0
637,58.0
644,-102.0
651,103.0
658,103.0
665,78.0
672,116.0
679,11.0
686,11.0
693,11.0
700,-124.0
707,-124.0
714,-124.0
721,-90.0
728,-155.0
735,112.0
742,112.0
749,112.0
756,-18.0
763,-116.0
770,-116.0
777,-119.0
784,-119.0
791,-119.0
798,102.0
805,-108.0
812,-108.0
819,-156.0
826,-156.0
833,-156.0
840,110.0
847,108.0
854,108.0
861,-101.0
868,-124.0
875,-124.0
882,105.0
889,105.0
896,-10.0
903,-149.0
910,-127.0
917,-127.0
924,174.0
931,-116.0
938,-102.0
945,-102.0
952,117.0
959,84.0
966,-159.0
973,-159.0
980,37.0
987,105.0
994,105.0
1001,105.0
1008,102.0
1015,135.0
1022,104.0
1029,104.0
1036,128.0
1043,139.0
1050,-78.0
1057,-166.0
1064,-130.0
1071,-106.0
1078,-120.0
1085,132.0
1092,132.0
1099,126.0
1106,-46.0
1113,22.0
1120,40.0
1127,23.0
1134,23.0
1141,23.0
1148,116.0
1155,30.0
1162,-47.0
1169,91.0
1176,102.0
1183,-77.0
1190,72.0
1197,119.0
1204,75.0
1211,27.0
1218,48.0
1225,48.0
1232,48.0
1239,-22.0
1246,-41.0
1253,25.0
1260,41.0
1267,-1.0
1274,15.0
1281,67.0
1288,67.0
1295,67.0
1302,67.0
1309,63.0
1316,-87.0
1323,-87.0
1330,87.0
1337,50.0
1344,108.0
1351,87.0
1358,81.0
1365,73.0
1372,-56.0
1379,-95.0
1386,80.0
1393,109.0
1400,-40.0
1407,28.0
1414,-93.0
1421,-93.0
1428,-93.0
1435,104.0
1442,104.0
1449,-75.0
1456,36.0
1463,106.0
1470,106.0
1477,15.0
1484,18.0
1491,18.0
1498,-24.0
1505,-83.0
1512,-101.0
1519,-101.0
1526,82.0
1533,82.0
1540,21.0
1547,114.0
1554,87.0
1561,87.0
1568,87.0
1575,87.0
1582,87.0
1589,-27.0
1596,63.0
1603,54.0
1610,93.0
1617,111.0
1624,-100.0
1631,67.0
1638,112.0
1645,112.0
1652,94.0
1659,-81.0
1666,17.0
1673,-145.0
1680,-145.0
1687,107.0
1694,117.0
1701,117.0
1708,117.0
1715,104.0
1722,104.0
1729,104.0
1736,-130.0
1743,-146.0
1750,95.0
1757,132.0
1764,-128.0
1771,-164.0
1778,-13.0
1785,134.0
1792,-30.0
1799,81.0
1806,78.0
1813,-103.0
1820,-103.0
1827,-103.0
1834,118.0
1841,110.0
1848,109.0
1855,109.0
1862,90.0
1869,110.0
1876,-106.0
1883,-106.0
1890,-106.0
1897,-106.0
1904,-121.0
1911,-121.0
1918,-121.0
1925,-121.0
1932,-121.0
1939,-121.0
1946,-121.0
1953,99.0
1960,77.0
1967,77.0
1974,-63.0
1981,-107.0
1988,-107.0
1995,135.0
2002,135.0
2009,125.0
2016,-68.0
2023,-100.0
2030,17.0
2037,114.0
2044,107.0
2051,-57.0
2058,97.0
2065,112.0
2072,-116.0
2079,-116.0
2086,95.0
2093,-127.0
2100,16.0
2107,139.0
2114,-106.0
2121,-106.0
2128,-120.0
2135,42.0
2142,-39.0
2149,34.0
2156,-119.0
2163,117.0
2170,117.0
2177,117.0
2184,117.0
2191,117.0
2198,117.0
2205,69.0
2212,126.0
2219,126.0
2226,137.0
2233,86.0
2240,-80.0
2247,-116.0
2254,-116.0
2261,122.0
2268,102.0
2275,76.0
2282,81.0
2289,81.0
2296,107.0
2303,-113.0
2310,27.0
2317,126.0
2324,105.0
2331,126.0
2338,126.0
2345,128.0
2352,128.0
2359,131.0
2366,131.0
2373,102.0
2380,-82.0
2387,107.0
2394,-120.0
2401,-120.0
2408,-66.0
2415,-96.0
2422,145.0
2429,-26.0
2436,-31.0
2443,-101.0
2450,100.0
2457,17.0
2464,-108.0
2471,-132.0
2478,-42.0
2485,-129.0
2492,-129.0
2499,34.0
2506,63.0
2513,-16.0
2520,105.0
2527,-130.0
2534,57.0
2541,-98.0
2548,106.0
2555,87.0
2562,-114.0
2569,-58.0
2576,-58.0
2583,60.0
2590,78.0
2597,-74.0
2604,-74.0
2611,23.0
2618,-77.0
2625,-78.0
2632,71.0
2639,71.0
2646,90.0
2653,-20.0
2660,-58.0
2667,-100.0
2674,67.0
2681,64.0
2688,-85.0
2695,-85.0
2702,104.0
2709,112.0
2716,129.0
2723,129.0
2730,-62.0
2737,-81.0
2744,-37.0
2751,93.0
2758,-60.0
2765,-44.0
2772,100.0
2779,87.0
2786,87.0
2793,87.0
2800,87.0
2807,-74.0
2814,108.0
2821,-33.0
2828,-105.0
2835,-95.0
2842,-50.0
2849,117.0
2856,-113.0
2863,134.0
2870,134.0
2877,134.0
2884,-124.0
2891,-124.0
2898,-12.0
2905,-105.0
2912,-105.0
2919,68.0
2926,102.0
2933,102.0
2940,102.0
2947,-19.0
2954,68.0
2961,106.0
2968,106.0
2975,106.0
2982,106.0
2989,112.0
2996,-20.0
3003,117.0
3010,106.0
3017,-41.0
3024,-41.0
3031,-105.0
3038,-55.0
3045,-100.0
3052,100.0
3059,100.0
3066,100.0
3073,100.0
3080,-122.0
3087,71.0
3094,-29.0
3101,-111.0
3108,123.0
3115,123.0
3122,103.0
3129,72.0
3136,159.0
3143,159.0
3150,-105.0
3157,-18.0
3164,-113.0
3171,105.0
3178,-124.0
3185,81.0
3192,-85.0
3199,-86.0
3206,-86.0
3213,-86.0
3220,-86.0
3227,37.0
3234,46.0
3241,-71.0
3248,-113.0
3255,-113.0
3262,-91.0
3269,-91.0
3276,-91.0
3283,-91.0
3290,-98.0
3297,-98.0
3304,98.0
3311,-104.0
3318,-104.0
3325,-117.0
3332,40.0
3339,90.0
3346,-95.0
3353,-153.0
3360,125.0
3367,129.0
3374,129.0
3381,-123.0
3388,148.0
3395,118.0
3402,118.0
3409,118.0
3416,118.0
3423,118.0
3430,118.0
3437,118.0
3444,118.0
3451,118.0
3458,118.0
3465,-124.0
3472,-108.0
3479,126.0
3486,-105.0
3493,131.0
3500,-49.0
3507,112.0
3514,112.0
3521,-118.0
3528,-115.0
3535,-115.0
3542,-141.0
3549,26.0
3556,-148.0
3563,-148.0
3570,-113.0
3577,-113.0
3584,-113.0
3591,134.0
3598,-165.0
3605,32.0
3612,-138.0
3619,-138.0
3626,-100.0
3633,155.0
3640,155.0
3647,155.0
3654,155.0
3661,155.0
3668,-126.0
3675,132.0
3682,132.0
3689,132.0
3696,113.0
3703,-118.0
3710,26.0
3717,-155.0
3724,129.0
3731,-129.0
3738,-130.0
3745,-174.0
3752,-174.0
3759,122.0
3766,143.0
3773,-105.0
3780,-105.0
3787,60.0
3794,90.0
3801,110.0
3808,-113.0
3815,-15.0
3822,70.0
3829,43.0
3836,74.0
3843,-132.0
3850,-76.0
3857,-155.0
3864,-155.0
3871,89.0
3878,-83.0
3885,-83.0
3892,-92.0
3899,59.0
3906,-108.0
3913,-83.0
3920,127.0
3927,96.0
3934,96.0
3941,96.0
3948,96.0
3955,96.0
3962,96.0
3969,83.0
3976,-126.0
3983,-87.0
3990,-42.0
3997,127.0
4004,-140.0
4011,-128.0
4018,104.0
4025,-135.0
4032,28.0
4039,-112.0
4046,99.0
4053,99.0
4060,99.0
4067,99.0
4074,-92.0
4081,-113.0
4088,-89.0
4095,-89.0
4102,94.0
4109,-58.0
4116,-139.0
4123,48.0
4130,-122.0
4137,79.0
4144,-100.0
4151,-112.0
4158,98.0
4165,98.0
4172,98.0
4179,98.0
4186,98.0
4193,98.0
4200,-127.0
4207,-132.0
4214,-132.0
4221,-112.0
4228,-112.0
4235,-112.0
4242,96.0
4249,-90.0
4256,156.0
4263,120.0
4270,139.0
4277,139.0
4284,139.0
4291,-60.0
4298,-35.0
4305,122.0
4312,149.0
4319,131.0
4326,131.0
4333,144.0
4340,132.0
4347,132.0
4354,109.0
4361,-108.0
4368,165.0
4375,-117.0
4382,-113.0
4389,131.0
4396,155.0
4403,-158.0
4410,145.0
4417,29.0
4424,-136.0
4431,-150.0
4438,-112.0
4445,-124.0
4452,-88.0
4459,98.0
4466,98.0
4473,-111.0
4480,86.0
4487,86.0
4494,86.0
4501,86.0
4508,86.0
4515,86.0
4522,109.0
4529,-112.0
4536,-136.0
4543,-136.0
4550,-136.0
4557,126.0
4564,126.0
4571,118.0
4578,118.0
4585,55.0
4592,-76.0
4599,118.0
4606,-119.0
4613,121.0
4620,102.0
4627,-114.0
4634,105.0
4641,-117.0
4648,-117.0
4655,-177.0
4662,106.0
4669,-113.0
4676,-30.0
4683,169.0
4690,169.0
4697,-138.0
4704,-138.0
4711,-57.0
4718,-107.0
4725,108.0
4732,108.0
4739,-59.0
4746,-106.0
4753,121.0
4760,121.0
4767,121.0
4774,-93.0
4781,114.0
4788,114.0
4795,114.0
4802,114.0
4809,-34.0
4816,128.0
4823,128.0
4830,128.0
4837,128.0
4844,109.0
4851,-68.0
4858,-124.0
4865,-17.0
4872,124.0
4879,-119.0
4886,-119.0
4893,-140.0
4900,-140.0
4907,120.0
4914,120.0
4921,-136.0
4928,-136.0
4935,-136.0
4942,126.0
4949,-165.0
4956,-141.0
4963,-141.0
4970,-141.0
4977,-141.0
4984,-141.0
4991,-113.0
4998,-65.0
5005,-51.0
5012,68.0
5019,68.0
5026,68.0
5033,68.0
5040,68.0
5047,68.0
5054,68.0
5061,77.0
5068,-58.0
5075,69.0
5082,-34.0
5089,73.0
5096,-77.0
5103,69.0
5110,-74.0
5117,-73.0
5124,-73.0
5131,74.0
5138,-66.0
5145,70.0
5152,70.0
5159,66.0
5166,88.0
5173,18.0
5180,-54.0
5187,74.0
5194,30.0
5201,-92.0
5208,-92.0
5215,102.0
5222,-86.0
5229,-126.0
5236,-47.0
5243,17.0
5250,93.0
5257,57.0
5264,50.0
5271,13.0
5278,-73.0
5285,-92.0
5292,-92.0
5299,85.0
5306,85.0
5313,-69.0
5320,-88.0
5327,-92.0
5334,-92.0
5341,-119.0
5348,-119.0
5355,-40.0
5362,-145.0
5369,-131.0
5376,-131.0
5383,-57.0
5390,-130.0
5397,-130.0
5404,-130.0
5411,-130.0
5418,-113.0
5425,-113.0
5432,-113.0
5439,-120.0
5446,-133.0
5453,-133.0
5460,-133.0
5467,-133.0
5474,-128.0
5481,-128.0
5488,-116.0
5495,148.0
5502,127.0
5509,110.0
5516,110.0
5523,110.0
5530,81.0
5537,81.0
5544,81.0
5551,81.0
5558,81.0
5565,105.0
5572,-115.0
5579,78.0
5586,78.0
5593,59.0
5600,108.0
5607,106.0
5614,42.0
5621,124.0
5628,72.0
5635,38.0
5642,-154.0
5649,-154.0
5656,-154.0
5663,-50.0
5670,117.0
5677,-18.0
5684,-102.0
5691,93.0
5698,-114.0
5705,-71.0
5712,100.0
5719,-48.0
5726,-72.0
5733,51.0
5740,76.0
5747,103.0
5754,-55.0
5761,-55.0
5768,-120.0
5775,-65.0
5782,93.0
5789,93.0
5796,-48.0
5803,-48.0
5810,-117.0
5817,-117.0
5824,73.0
5831,-134.0
5838,59.0
5845,59.0
5852,59.0
5859,-65.0
5866,89.0
5873,89.0
5880,89.0
5887,89.0
5894,-118.0
5901,-118.0
5908,-118.0
5915,113.0
5922,113.0
5929,107.0
5936,107.0
5943,-30.0
5950,-137.0
5957,97.0
5964,97.0
5971,-119.0
5978,-150.0
5985,127.0
5992,127.0
5999,105.0
6006,-101.0
6013,96.0
6020,-41.0
6027,116.0
6034,106.0
6041,119.0
6048,-59.0
6055,124.0
6062,123.0
6069,-130.0
6076,49.0
6083,-93.0
6090,101.0
6097,-105.0
6104,-88.0
6111,103.0
6118,-86.0
6125,88.0
6132,-35.0
6139,-104.0
6146,-86.0
6153,-92.0
6160,-92.0
6167,104.0
6174,29.0
6181,-57.0
6188,-57.0
6195,53.0
6202,-47.0
6209,-47.0
6216,-112.0
6223,-74.0
6230,-99.0
6237,25.0
6244,-101.0
6251,80.0
6258,80.0
6265,-65.0
6272,-88.0
6279,69.0
6286,112.0
6293,-66.0
6300,-127.0
6307,-127.0
6314,-127.0
6321,-104.0
6328,-104.0
6335,111.0
6342,111.0
6349,-39.0
6356,130.0
6363,130.0
6370,103.0
6377,103.0
6384,-140.0
6391,-140.0
6398,-140.0
6405,-125.0
6412,-125.0
6419,-81.0
6426,-72.0
6433,83.0
6440,83.0
6447,83.0
6454,83.0
6461,-85.0
6468,-100.0
6475,116.0
6482,67.0
6489,53.0
6496,90.0
6503,90.0
6510,58.0
6517,95.0
6524,95.0
6531,32.0
6538,100.0
6545,-29.0
6552,-101.0
6559,-109.0
6566,95.0
6573,98.0
6580,98.0
6587,33.0
6594,97.0
6601,97.0
6608,95.0
6615,72.0
6622,63.0
6629,63.0
6636,63.0
6643,80.0
6650,101.0
6657,110.0
6664,-123.0
6671,-91.0
6678,102.0
6685,102.0
6692,102.0
6699,102.0
6706,-88.0
6713,58.0
6720,77.0
6727,77.0
6734,77.0
6741,77.0
6748,77.0
6755,40.0
6762,96.0
6769,96.0
6776,96.0
6783,89.0
6790,-93.0
6797,104.0
6804,104.0
6811,-99.0
6818,-96.0
6825,-91.0
6832,-100.0
6839,-100.0
6846,80.0
6853,86.0
6860,-112.0
6867,-112.0
6874,-88.0
6881,32.0
6888,-106.0
6895,74.0
6902,95.0
6909,-92.0
6916,114.0
6923,-102.0
6930,-102.0
6937,18.0
6944,81.0
6951,-28.0
6958,-28.0
6965,-28.0
6972,104.0
6979,125.0
6986,101.0
6993,-102.0
7000,-113.0
7007,-53.0
7014,132.0
7021,117.0
7028,117.0
7035,117.0
7042,117.0
7049,117.0
7056,103.0
7063,109.0
7070,132.0
7077,132.0
7084,-106.0
7091,-106.0
7098,-106.0
7105,-106.0
7112,112.0
7119,112.0
7126,112.0
7133,112.0
7140,144.0
7147,144.0
7154,144.0
7161,144.0
7168,144.0
7175,-36.0
7182,120.0
7189,-121.0
7196,-118.0
7203,-118.0
7210,145.0
7217,151.0
7224,114.0
7231,23.0
7238,-87.0
7245,85.0
7252,100.0
7259,-96.0
7266,-91.0
7273,-48.0
7280,122.0
7287,96.0
7294,-112.0
7301,104.0
7308,112.0
7315,-103.0
7322,82.0
7329,113.0
7336,-31.0
7343,112.0
7350,113.0
7357,80.0
7364,103.0
7371,122.0
7378,103.0
7385,103.0
7392,186.0
7399,111.0
7406,126.0
7413,126.0
7420,149.0
7427,104.0
7434,117.0
7441,117.0
7448,117.0
7455,117.0
7462,117.0
7469,89.0
7476,88.0
7483,-113.0
7490,-113.0
7497,120.0
7504,101.0
7511,110.0
7518,-65.0
7525,101.0
7532,-119.0
7539,133.0
7546,-102.0
7553,138.0
7560,-83.0
7567,31.0
7574,-110.0
7581,100.0
7588,-65.0
7595,110.0
7602,110.0
7609,110.0
7616,110.0
7623,110.0
7630,110.0
7637,128.0
7644,118.0
7651,-141.0
7658,-141.0
7665,130.0
7672,130.0
7679,130.0
7686,130.0
7693,130.0
7700,130.0
7707,-103.0
7714,125.0
7721,125.0
7728,125.0
7735,115.0
7742,50.0
7749,107.0
7756,127.0
7763,127.0
7770,130.0
7777,130.0
7784,130.0
7791,121.0
7798,112.0
7805,-68.0
7812,8.0
7819,8.0
7826,8.0
7833,8.0
7840,9.0
7847,-83.0
7854,108.0
7861,108.0
7868,108.0
7875,112.0
7882,104.0
7889,104.0
7896,104.0
7903,104.0
7910,130.0
7917,128.0
7924,117.0
7931,131.0
7938,76.0
7945,76.0
7952,76.0
7959,76.0
7966,76.0
7973,-133.0
7980,-35.0
7987,109.0
7994,65.0
8001,39.0
8008,-130.0
8015,63.0
8022,63.0
8029,-76.0
8036,127.0
8043,-85.0
8050,43.0
8057,104.0
8064,133.0
8071,113.0
8078,113.0
8085,76.0
8092,76.0
8099,76.0
8106,-126.0
8113,80.0
8120,-64.0
8127,72.0
8134,72.0
8141,72.0
8148,-124.0
8155,-148.0
8162,-148.0
8169,75.0
8176,71.0
8183,71.0
8190,48.0
8197,-48.0
8204,23.0
8211,-11.0
8218,-11.0
8225,65.0
8232,81.0
8239,-87.0
8246,-87.0
8253,-111.0
8260,-111.0
8267,117.0
8274,94.0
8281,11.0
8288,99.0
8295,-28.0
8302,85.0
8309,105.0
8316,-117.0
8323,-112.0
8330,-129.0
8337,129.0
8344,46.0
8351,-89.0
8358,109.0
8365,22.0
8372,-101.0
8379,-101.0
8386,111.0
8393,89.0
8400,35.0
8407,100.0
8414,-116.0
8421,-129.0
8428,138.0
8435,131.0
8442,131.0
8449,131.0
8456,131.0
8463,131.0
8470,131.0
8477,131.0
8484,114.0
8491,114.0
8498,118.0
8505,97.0
8512,102.0
8519,-106.0
8526,63.0
8533,-85.0
8540,-78.0
8547,-166.0
8554,102.0
8561,-135.0
8568,76.0
8575,76.0
8582,79.0
8589,86.0
8596,122.0
8603,102.0
8610,102.0
8617,-120.0
8624,108.0
8631,-42.0
8638,-42.0
8645,115.0
8652,115.0
8659,115.0
8666,124.0
8673,82.0
8680,168.0
8687,168.0
8694,168.0
8701,168.0
8708,103.0
8715,83.0
8722,-90.0
8729,-90.0
8736,-65.0
8743,46.0
8750,-100.0
8757,117.0
8764,-61.0
8771,135.0
8778,61.0
8785,42.0
8792,73.0
8799,-121.0
8806,-121.0
8813,-121.0
8820,93.0
8827,101.0
8834,101.0
8841,22.0
8848,43.0
8855,28.0
8862,98.0
8869,106.0
8876,36.0
8883,-113.0
8890,-61.0
8897,-100.0
8904,-65.0
8911,-65.0
8918,92.0
8925,150.0
8932,-115.0
8939,52.0
8946,98.0
8953,101.0
8960,101.0
8967,107.0
8974,41.0
8981,101.0
8988,101.0
8995,-125.0
9002,-125.0
9009,83.0
9016,92.0
9023,92.0
9030,92.0
9037,92.0
9044,92.0
9051,92.0
9058,92.0
9065,92.0
9072,92.0
9079,82.0
9086,82.0
9093,82.0
9100,82.0
9107,82.0
9114,90.0
9121,-100.0
9128,80.0
9135,-96.0
9142,30.0
9149,94.0
9156,-106.0
9163,-106.0
9170,92.0
9177,92.0
9184,-167.0
9191,141.0
9198,141.0
9205,141.0
9212,141.0
9219,104.0
9226,-103.0
9233,96.0
9240,118.0
9247,-92.0
9254,-78.0
9261,103.0
9268,89.0
9275,137.0
9282,82.0
9289,82.0
9296,82.0
9303,82.0
9310,82.0
9317,82.0
9324,-116.0
9331,72.0
9338,105.0
9345,102.0
9352,97.0
9359,80.0
9366,110.0
9373,110.0
9380,110.0
9387,110.0
9394,110.0
9401,110.0
9408,110.0
9415,110.0
9422,63.0
9429,107.0
9436,107.0
9443,107.0
9450,107.0
9457,-110.0
9464,-110.0
9471,-110.0
9478,103.0
9485,117.0
9492,117.0
9499,117.0
9506,117.0
9513,117.0
9520,-111.0
9527,-111.0
9534,-107.0
9541,117.0
9548,121.0
9555,141.0
9562,90.0
9569,24.0
9576,119.0
9583,125.0
9590,125.0
9597,125.0
9604,-26.0
9611,-66.0
9618,152.0
9625,-132.0
9632,-132.0
9639,-35.0
9646,26.0
9653,136.0
9660,-66.0
9667,-136.0
9674,148.0
9681,148.0
9688,-100.0
9695,117.0
9702,108.0
9709,120.0
9716,120.0
9723,120.0
9730,120.0
9737,120.0
9744,100.0
9751,144.0
9758,144.0
9765,144.0
9772,127.0
9779,96.0
9786,-68.0
9793,156.0
9800,156.0
9807,141.0
9814,169.0
9821,138.0
9828,138.0
9835,-112.0
9842,-114.0
9849,-114.0
9856,-114.0
9863,133.0
9870,133.0
9877,133.0
9884,124.0
9891,124.0
9898,124.0
9905,124.0
9912,-108.0
9919,-116.0
9926,-116.0
9933,119.0
9940,119.0
9947,105.0
9954,124.0
9961,124.0
9968,109.0
9975,104.0
9982,-9.0
9989,122.0
9996,122.0
10003,122.0
10010,122.0
10017,122.0
10024,122.0
10031,173.0
10038,108.0
10045,108.0
10052,108.0
10059,-39.0
10066,-102.0
10073,98.0
10080,112.0
10087,112.0
10094,-114.0
10101,117.0
10108,117.0
10115,117.0
10122,-100.0
10129,139.0
10136,133.0
10143,-60.0
10150,114.0
10157,-140.0
10164,-25.0
10171,-100.0
10178,117.0
10185,129.0
10192,129.0
10199,111.0
10206,111.0
10213,127.0
10220,127.0
10227,124.0
10234,124.0
10241,114.0
10248,105.0
10255,-103.0
10262,-152.0
10269,-84.0
10276,-49.0
10283,-80.0
10290,113.0
10297,125.0
10304,-81.0
10311,-81.0
10318,124.0
10325,105.0
10332,-119.0
10339,-119.0
10346,-119.0
10353,-119.0
10360,-119.0
10367,-119.0
10374,-119.0
10381,-112.0
10388,-112.0
10395,55.0
10402,55.0
10409,55.0
10416,113.0
10423,-123.0
10430,-123.0
10437,-123.0
10444,109.0
10451,-105.0
10458,-105.0
10465,-105.0
10472,-65.0
10479,72.0
10486,-126.0
10493,49.0
10500,102.0
10507,80.0
10514,58.0
10521,-18.0
10528,107.0
10535,107.0
10542,107.0
10549,107.0
10556,108.0
10563,108.0
10570,108.0
10577,108.0
10584,108.0
10591,108.0
10598,108.0
10605,69.0
10612,123.0
10619,123.0
10626,123.0
10633,-97.0
10640,-89.0
10647,102.0
10654,-109.0
10661,108.0
10668,117.0
10675,-98.0
10682,91.0
10689,112.0
10696,-100.0
10703,-116.0
10710,-116.0
10717,-116.0
10724,126.0
10731,150.0
10738,150.0
10745,150.0
10752,100.0
10759,-69.0
10766,122.0
10773,103.0
10780,-104.0
10787,27.0
10794,27.0
10801,117.0
10808,-112.0
10815,-109.0
10822,119.0
10829,85.0
10836,-107.0
10843,109.0
10850,116.0
10857,116.0
10864,116.0
10871,116.0
10878,116.0
10885,116.0
10892,116.0
10899,116.0
10906,116.0
10913,-105.0
10920,117.0
10927,85.0
10934,-134.0
10941,124.0
10948,124.0
10955,-125.0
10962,141.0
10969,-129.0
10976,-129.0
10983,-162.0
10990,-131.0
10997,-112.0
11004,-113.0
11011,75.0
11018,-131.0
11025,-131.0
11032,-131.0
11039,-55.0
11046,118.0
11053,139.0
11060,92.0
11067,115.0
11074,115.0
11081,115.0
11088,115.0
11095,115.0
11102,115.0
11109,115.0
11116,94.0
11123,-30.0
11130,104.0
11137,104.0
11144,119.0
11151,-44.0
11158,111.0
11165,121.0
11172,12.0
11179,160.0
11186,108.0
11193,71.0
11200,71.0
11207,-103.0
11214,-103.0
11221,42.0
11228,104.0
11235,104.0
11242,25.0
11249,-37.0
11256,107.0
11263,-114.0
11270,-30.0
11277,111.0
11284,-99.0
11291,116.0
11298,86.0
11305,21.0
11312,-50.0
11319,-44.0
11326,-45.0
11333,75.0
11340,10.0
11347,112.0
11354,108.0
11361,128.0
11368,128.0
11375,-50.0
11382,118.0
11389,136.0
11396,77.0
11403,146.0
11410,121.0
11417,-53.0
11424,141.0
11431,129.0
11438,109.0
11445,-130.0
11452,-46.0
11459,94.0
11466,94.0
11473,125.0
11480,125.0
11487,122.0
11494,100.0
11501,107.0
11508,-120.0
11515,-120.0
11522,-120.0
11529,145.0
11536,145.0
11543,-63.0
11550,130.0
11557,130.0
11564,130.0
11571,130.0
11578,-133.0
11585,-133.0
11592,103.0
11599,112.0
11606,98.0
11613,90.0
11620,32.0
11627,48.0
11634,67.0
11641,67.0
11648,67.0
11655,69.0
11662,53.0
11669,-79.0
11676,84.0
11683,89.0
11690,74.0
11697,40.0
11704,117.0
11711,89.0
11718,89.0
11725,89.0
11732,-115.0
11739,94.0
11746,94.0
11753,77.0
11760,83.0
11767,20.0
11774,80.0
11781,80.0
11788,-119.0
11795,-119.0
11802,64.0
11809,81.0
11816,81.0
11823,12.0
11830,28.0
11837,132.0
11844,42.0
11851,-86.0
11858,72.0
11865,89.0
11872,89.0
11879,89.0
11886,89.0
11893,89.0
11900,106.0
11907,106.0
11914,-21.0
11921,14.0
11928,10.0
11935,-56.0
11942,19.0
11949,111.0
11956,54.0
11963,92.0
11970,24.0
11977,99.0
11984,99.0
11991,99.0
11998,99.0
12005,55.0
12012,104.0
12019,144.0
12026,144.0
12033,144.0
12040,106.0
12047,106.0
12054,106.0
12061,106.0
12068,-118.0
12075,-34.0
12082,65.0
12089,118.0
12096,43.0
12103,-147.0
12110,72.0
12117,17.0
12124,200.0
12131,71.0
12138,-117.0
12145,-107.0
12152,23.0
12159,132.0
12166,142.0
12173,-45.0
12180,145.0
12187,61.0
12194,86.0
12201,86.0
12208,-117.0
12215,-57.0
12222,-57.0
12229,-53.0
12236,121.0
12243,121.0
12250,121.0
12257,121.0
12264,121.0
12271,-53.0
12278,-133.0
12285,-54.0
12292,76.0
12299,91.0
12306,91.0
12313,91.0
12320,-54.0
12327,126.0
12334,50.0
12341,-7.0
12348,46.0
12355,46.0
12362,105.0
12369,52.0
12376,-114.0
12383,-114.0
12390,-114.0
12397,-128.0
12404,-128.0
12411,116.0
12418,37.0
12425,25.0
12432,40.0
12439,127.0
12446,-109.0
12453,111.0
12460,111.0
12467,-66.0
12474,-114.0
12481,-107.0
12488,55.0
12495,83.0
12502,150.0
12509,150.0
12516,53.0
12523,21.0
12530,-108.0
12537,-108.0
12544,-113.0
12551,-118.0
12558,-125.0
12565,-125.0
12572,-37.0
12579,99.0
12586,99.0
12593,-152.0
12600,-18.0
12607,-109.0
12614,111.0
12621,-61.0
12628,22.0
12635,126.0
12642,115.0
12649,127.0
12656,-120.0
12663,36.0
12670,-81.0
12677,-81.0
12684,101.0
12691,63.0
12698,93.0
12705,94.0
12712,-74.0
12719,118.0
12726,-56.0
12733,78.0
12740,121.0
12747,-57.0
12754,-105.0
12761,-102.0
12768,-102.0
12775,-94.0
12782,97.0
12789,-58.0
12796,-73.0
12803,100.0
12810,-118.0
12817,-118.0
12824,87.0
12831,97.0
12838,50.0
12845,100.0
12852,54.0
12859,-40.0
12866,36.0
12873,95.0
12880,115.0
12887,39.0
12894,96.0
12901,91.0
12908,36.0
12915,-59.0
12922,78.0
12929,88.0
12936,-43.0
12943,-85.0
12950,37.0
12957,65.0
12964,-75.0
12971,-140.0
12978,-140.0
12985,-140.0
12992,-140.0
12999,-140.0
13006,-140.0
13013,-140.0
13020,-49.0
13027,-93.0
13034,-93.0
13041,-93.0
13048,-93.0
13055,75.0
13062,49.0
13069,-65.0
13076,31.0
13083,21.0
13090,53.0
13097,-73.0
13104,106.0
13111,106.0
13118,-27.0
13125,35.0
13132,101.0
13139,101.0
13146,28.0
13153,61.0
13160,30.0
13167,30.0
13174,-95.0
13181,14.0
13188,96.0
13195,96.0
13202,107.0
13209,47.0
13216,-88.0
13223,-79.0
13230,-79.0
13237,32.0
13244,37.0
13251,-104.0
13258,-31.0
13265,-48.0
13272,109.0
13279,109.0
13286,109.0
13293,-54.0
13300,-55.0
13307,-54.0
13314,95.0
13321,88.0
13328,88.0
13335,99.0
13342,-40.0
13349,113.0
13356,27.0
13363,30.0
13370,-54.0
13377,12.0
13384,12.0
13391,-114.0
13398,-114.0
13405,-65.0
13412,-103.0
13419,-93.0
13426,-93.0
13433,-93.0
13440,100.0
13447,100.0
13454,100.0
13461,100.0
13468,100.0
13475,100.0
13482,100.0
13489,-76.0
13496,52.0
13503,103.0
13510,-32.0
13517,82.0
13524,-68.0
13531,49.0
13538,137.0
13545,33.0
13552,-114.0
13559,19.0
13566,70.0
13573,16.0
13580,-104.0
13587,53.0
13594,115.0
13601,115.0
13608,74.0
13615,74.0
13622,74.0
13629,57.0
13636,57.0
13643,28.0
13650,106.0
13657,56.0
13664,56.0
13671,56.0
13678,-81.0
13685,-55.0
13692,72.0
13699,72.0
13706,118.0
13713,-57.0
13720,96.0
13727,84.0
13734,-71.0
13741,41.0
13748,-30.0
13755,96.0
13762,-81.0
13769,114.0
13776,-31.0
13783,78.0
13790,-94.0
13797,75.0
13804,100.0
13811,60.0
13818,52.0
13825,71.0
13832,71.0
13839,-65.0
13846,78.0
13853,-69.0
13860,-69.0
13867,98.0
13874,98.0
13881,-76.0
13888,74.0
13895,-91.0
13902,-135.0
13909,77.0
13916,77.0
13923,77.0
13930,-76.0
13937,-90.0
13944,-24.0
13951,37.0
13958,76.0
13965,90.0
13972,-83.0
13979,-83.0
13986,-83.0
13993,-54.0
14000,-122.0
14007,-122.0
14014,69.0
14021,-98.0
14028,72.0
14035,129.0
14042,-43.0
14049,-43.0
14056,-67.0
14063,33.0
14070,-123.0
14077,76.0
14084,-70.0
14091,-73.0
14098,99.0
14105,99.0
14112,99.0
14119,-18.0
14126,-18.0
14133,-131.0
14140,110.0
14147,110.0
14154,110.0
14161,84.0
14168,84.0
14175,-137.0
14182,83.0
14189,-80.0
14196,-80.0
14203,-121.0
14210,-39.0
14217,-94.0
14224,-149.0
14231,-149.0
14238,-110.0
14245,-110.0
14252,-110.0
14259,-17.0
14266,108.0
14273,128.0
14280,110.0
14287,113.0
14294,69.0
14301,77.0
14308,101.0
14315,54.0
14322,-20.0
14329,137.0
14336,137.0
14343,46.0
14350,79.0
14357,-130.0
14364,-130.0
14371,85.0
14378,87.0
14385,-107.0
14392,-107.0
14399,-107.0
14406,110.0
14413,44.0
14420,-30.0
14427,-125.0
14434,-101.0
14441,-101.0
14448,-101.0
14455,-101.0
14462,-101.0
14469,-116.0
14476,102.0
14483,88.0
14490,88.0
14497,-59.0
14504,-110.0
14511,93.0
14518,100.0
14525,137.0
14532,137.0
14539,101.0
14546,-36.0
14553,-105.0
14560,91.0
14567,112.0
14574,128.0
14581,-46.0
14588,125.0
14595,125.0
14602,-114.0
14609,70.0
14616,70.0
14623,70.0
14630,70.0
14637,73.0
14644,11.0
14651,11.0
14658,11.0
14665,58.0
14672,58.0
14679,58.0
14686,-49.0
14693,88.0
14700,110.0
14707,110.0
14714,56.0
14721,60.0
14728,-151.0
14735,-26.0
14742,-92.0
14749,-22.0
14756,122.0
14763,-87.0
14770,-87.0
14777,-87.0
14784,-87.0
14791,29.0
14798,-113.0
14805,-28.0
14812,27.0
14819,13.0
14826,-125.0
14833,-125.0
14840,103.0
14847,-80.0
14854,-112.0
14861,-77.0
14868,82.0
14875,82.0
14882,136.0
14889,-29.0
14896,-29.0
14903,137.0
14910,-108.0
14917,-108.0
14924,72.0
14931,120.0
14938,-75.0
14945,83.0
14952,-49.0
14959,97.0
14966,128.0
14973,128.0
14980,46.0
14987,23.0
14994,82.0
15001,127.0
15008,127.0
15015,-64.0
15022,29.0
15029,29.0
15036,29.0
15043,-103.0
15050,-103.0
15057,117.0
15064,118.0
15071,-71.0
15078,-85.0
15085,-51.0
15092,-52.0
15099,-93.0
15106,-105.0
15113,120.0
15120,69.0
15127,-92.0
15134,32.0
15141,32.0
15148,32.0
15155,32.0
15162,32.0
15169,74.0
15176,74.0
15183,74.0
15190,-37.0
15197,-89.0
15204,-89.0
15211,-42.0
15218,-72.0
15225,-106.0
15232,-106.0
15239,-103.0
15246,109.0
15253,109.0
15260,120.0
15267,106.0
15274,-102.0
15281,56.0
15288,-41.0
15295,-64.0
15302,106.0
15309,-52.0
15316,89.0
15323,-100.0
15330,90.0
15337,109.0
15344,119.0
15351,13.0
15358,-39.0
15365,94.0
15372,107.0
15379,107.0
15386,107.0
15393,98.0
15400,53.0
15407,-128.0
15414,111.0
15421,106.0
15428,106.0
15435,88.0
15442,-115.0
15449,100.0
15456,100.0
15463,100.0
15470,-24.0
15477,-44.0
15484,98.0
15491,-61.0
15498,104.0
15505,104.0
15512,104.0
15519,104.0
15526,135.0
15533,101.0
15540,-22.0
15547,20.0
15554,96.0
15561,117.0
15568,-83.0
15575,-130.0
15582,-90.0
15589,108.0
15596,-90.0
15603,107.0
15610,107.0
15617,107.0
15624,128.0
15631,128.0
15638,-106.0
15645,116.0
15652,-103.0
15659,-103.0
15666,81.0
15673,-99.0
15680,104.0
15687,104.0
15694,96.0
15701,-100.0
15708,-35.0
15715,-102.0
15722,109.0
15729,109.0
15736,109.0
15743,119.0
15750,113.0
15757,-67.0
15764,100.0
15771,108.0
15778,108.0
15785,108.0
15792,-100.0
15799,99.0
15806,21.0
15813,59.0
15820,119.0
15827,116.0
15834,-67.0
15841,-54.0
15848,122.0
15855,108.0
15862,108.0
15869,108.0
15876,103.0
15883,103.0
15890,101.0
15897,-51.0
15904,82.0
15911,-107.0
15918,-100.0
15925,100.0
15932,-101.0
15939,35.0
15946,115.0
15953,115.0
15960,115.0
15967,-79.0
15974,120.0
15981,100.0
15988,-97.0
15995,-97.0
16002,-97.0
16009,100.0
16016,101.0
16023,-43.0
16030,100.0
16037,100.0
16044,73.0
16051,-116.0
16058,14.0
16065,81.0
16072,12.0
16079,33.0
16086,-36.0
16093,-36.0
16100,112.0
16107,129.0
16114,115.0
16121,74.0
16128,-134.0
16135,102.0
16142,119.0
16149,105.0
16156,-108.0
16163,85.0
16170,117.0
16177,-101.0
16184,-131.0
16191,-131.0
16198,112.0
16205,112.0
16212,112.0
16219,-98.0
16226,-48.0
16233,-48.0
16240,-103.0
16247,-103.0
16254,-97.0
16261,-97.0
16268,52.0
16275,112.0
16282,112.0
16289,93.0
16296,-138.0
16303,-63.0
16310,-63.0
16317,-119.0
16324,-119.0
16331,-87.0
16338,-76.0
16345,109.0
16352,109.0
16359,79.0
16366,79.0
16373,79.0
16380,-105.0
16387,-105.0
16394,-87.0
16401,126.0
16408,-36.0
16415,-69.0
16422,121.0
16429,-87.0
16436,-127.0
16443,118.0
16450,-93.0
16457,127.0
16464,118.0
16471,133.0
16478,133.0
16485,-104.0
16492,-104.0
16499,-104.0
16506,-109.0
16513,116.0
16520,-112.0
16527,118.0
16534,118.0
16541,-113.0
16548,-125.0
16555,134.0
16562,-122.0
16569,111.0
16576,-78.0
16583,-53.0
16590,84.0
16597,44.0
16604,-118.0
16611,-34.0
16618,70.0
16625,70.0
16632,68.0
16639,68.0
16646,68.0
16653,59.0
16660,-54.0
16667,-54.0
16674,-54.0
16681,-54.0
16688,-91.0
16695,100.0
16702,106.0
16709,-12.0
16716,-60.0
16723,101.0
16730,-53.0
16737,91.0
16744,110.0
16751,-138.0
16758,55.0
16765,-100.0
16772,-72.0
16779,-72.0
16786,-72.0
16793,91.0
16800,91.0
16807,91.0
16814,91.0
16821,-32.0
16828,44.0
16835,44.0
16842,37.0
16849,69.0
16856,69.0
16863,91.0
16870,106.0
16877,43.0
16884,109.0
16891,77.0
16898,-65.0
16905,37.0
16912,-113.0
16919,-113.0
16926,-113.0
16933,-113.0
16940,-63.0
16947,-78.0
16954,-79.0
16961,41.0
16968,-95.0
16975,-95.0
16982,-95.0
16989,-95.0
16996,-41.0
17003,-88.0
17010,-88.0
17017,-88.0
17024,-88.0
17031,-86.0
17038,91.0
17045,48.0
17052,-67.0
17059,45.0
17066,45.0
17073,45.0
17080,27.0
17087,54.0
17094,54.0
17101,79.0
17108,-96.0
17115,-100.0
17122,-100.0
17129,-45.0
17136,-27.0
17143,-88.0
17150,-88.0
17157,-88.0
17164,-105.0
17171,-105.0
17178,-105.0
17185,39.0
17192,95.0
17199,74.0
17206,-139.0
17213,-45.0
17220,-45.0
17227,-45.0
17234,-117.0
17241,81.0
17248,101.0
17255,121.0
17262,-89.0
17269,116.0
17276,116.0
17283,116.0
17290,105.0
17297,-112.0
17304,110.0
17311,110.0
17318,-98.0
17325,-98.0
17332,-98.0
17339,-47.0
17346,124.0
17353,124.0
17360,124.0
17367,-109.0
17374,-109.0
17381,-109.0
17388,-123.0
17395,-123.0
17402,-123.0
17409,-120.0
17416,-120.0
17423,-120.0
17430,-77.0
17437,117.0
17444,116.0
17451,116.0
17458,116.0
17465,116.0
17472,105.0
17479,105.0
17486,105.0
17493,105.0
17500,-122.0
17507,-122.0
17514,-12.0
17521,-12.0
17528,-65.0
17535,-124.0
17542,96.0
17549,110.0
17556,110.0
17563,110.0
17570,-93.0
17577,89.0
17584,-75.0
17591,100.0
17598,100.0
17605,115.0
17612,21.0
17619,-84.0
17626,-84.0
17633,-84.0
17640,-84.0
17647,-84.0
17654,-108.0
17661,-83.0
17668,-101.0
17675,-101.0
17682,-110.0
17689,-132.0
17696,108.0
17703,104.0
17710,-112.0
17717,119.0
17724,119.0
17731,119.0
17738,-87.0
17745,-87.0
17752,126.0
17759,111.0
17766,111.0
17773,-104.0
17780,-140.0
17787,-120.0
17794,-59.0
17801,130.0
17808,-107.0
17815,70.0
17822,69.0
17829,-113.0
17836,-39.0
17843,107.0
17850,107.0
17857,-29.0
17864,84.0
17871,-121.0
17878,-121.0
17885,125.0
17892,125.0
17899,137.0
17906,48.0
17913,61.0
17920,-99.0
17927,-10.0
17934,83.0
17941,-83.0
17948,47.0
17955,-78.0
17962,75.0
17969,75.0
17976,-93.0
17983,-98.0
17990,-112.0
17997,63.0
18004,-100.0
18011,58.0
18018,-103.0
18025,147.0
18032,125.0
18039,-34.0
18046,72.0
18053,107.0
18060,-40.0
18067,-29.0
18074,-29.0
18081,96.0
18088,111.0
18095,111.0
18102,-131.0
18109,102.0
18116,-114.0
18123,89.0
18130,89.0
18137,104.0
18144,-19.0
18151,-115.0
18158,-32.0
18165,-32.0
18172,70.0
18179,26.0
18186,114.0
18193,-108.0
18200,-90.0
18207,-111.0
18214,-92.0
18221,21.0
18228,74.0
18235,-112.0
18242,101.0
18249,96.0
18256,-98.0
18263,-98.0
18270,13.0
18277,115.0
18284,-101.0
18291,123.0
18298,-101.0
18305,-101.0
18312,126.0
18319,-95.0
18326,-60.0
18333,-93.0
18340,99.0
18347,99.0
18354,99.0
18361,-115.0
18368,-96.0
18375,-55.0
18382,113.0
18389,-112.0
18396,-100.0
18403,-100.0
18410,-93.0
18417,117.0
18424,104.0
18431,102.0
18438,102.0
18445,-24.0
18452,-24.0
18459,-63.0
18466,13.0
18473,-41.0
18480,-99.0
18487,131.0
18494,-84.0
18501,-84.0
18508,-84.0
18515,-84.0
18522,-84.0
18529,-84.0
18536,-84.0
18543,-117.0
18550,-100.0
18557,75.0
18564,75.0
18571,75.0
18578,89.0
18585,89.0
18592,-12.0
18599,-76.0
18606,-76.0
18613,54.0
18620,114.0
18627,96.0
18634,96.0
18641,-40.0
18648,-40.0
18655,-106.0
18662,-106.0
18669,110.0
18676,111.0
18683,-74.0
18690,107.0
18697,37.0
18704,89.0
18711,89.0
18718,89.0
18725,89.0
18732,-107.0
18739,72.0
18746,72.0
18753,72.0
18760,72.0
18767,72.0
18774,-102.0
18781,-102.0
18788,-102.0
18795,-102.0
18802,65.0
18809,-99.0
18816,127.0
18823,127.0
18830,-100.0
18837,-100.0
18844,-100.0
18851,-111.0
18858,50.0
18865,81.0
18872,-73.0
18879,-73.0
18886,-73.0
18893,-73.0
18900,-95.0
18907,-113.0
18914,137.0
18921,137.0
18928,137.0
18935,137.0
18942,-59.0
18949,78.0
18956,-46.0
18963,-80.0
18970,-80.0
18977,119.0
18984,119.0
18991,128.0
18998,128.0
19005,128.0
19012,128.0
19019,112.0
19026,-69.0
19033,-69.0
19040,108.0
19047,117.0
19054,117.0
19061,117.0
19068,117.0
19075,117.0
19082,20.0
19089,104.0
19096,104.0
19103,104.0
19110,104.0
19117,104.0
19124,104.0
19131,32.0
19138,-102.0
19145,-102.0
19152,-102.0
19159,105.0
19166,105.0
19173,121.0
19180,96.0
19187,80.0
19194,110.0
19201,-136.0
19208,-136.0
19215,110.0
19222,-108.0
19229,104.0
19236,122.0
19243,-99.0
19250,-99.0
19257,-103.0
19264,-115.0
19271,117.0
19278,117.0
19285,116.0
19292,105.0
19299,-105.0
19306,102.0
19313,65.0
19320,42.0
19327,-120.0
19334,73.0
19341,84.0
19348,-52.0
19355,-57.0
19362,28.0
19369,99.0
19376,85.0
19383,85.0
19390,-79.0
19397,29.0
19404,-89.0
19411,14.0
19418,37.0
19425,108.0
19432,89.0
19439,107.0
19446,83.0
19453,-111.0
19460,122.0
19467,86.0
19474,114.0
19481,-86.0
19488,92.0
19495,-106.0
19502,122.0
19509,64.0
19516,-98.0
19523,-83.0
19530,117.0
19537,-97.0
19544,-100.0
19551,98.0
19558,92.0
19565,-92.0
19572,-92.0
19579,-104.0
19586,-104.0
19593,104.0
19600,104.0
19607,104.0
19614,123.0
19621,123.0
19628,-107.0
19635,-74.0
19642,69.0
19649,54.0
19656,88.0
19663,-116.0
19670,34.0
19677,34.0
19684,97.0
19691,85.0
19698,85.0
19705,-102.0
19712,-32.0
19719,68.0
19726,-87.0
19733,95.0
19740,95.0
19747,102.0
19754,-82.0
19761,111.0
19768,111.0
19775,111.0
19782,12.0
19789,70.0
19796,82.0
19803,135.0
19810,-84.0
19817,10.0
19824,-78.0
19831,91.0
19838,-129.0
19845,-129.0
19852,-129.0
19859,-129.0
19866,-77.0
19873,126.0
19880,-140.0
19887,140.0
19894,-169.0
19901,-169.0
19908,138.0
19915,-76.0
19922,-116.0
19929,-80.0
19936,97.0
19943,97.0
19950,97.0
19957,-41.0
19964,-98.0
19971,-112.0
19978,102.0
19985,-112.0
19992,114.0
19999,-46.0
20006,-130.0
20013,-39.0
20020,104.0
20027,104.0
20034,-99.0
20041,110.0
20048,88.0
20055,119.0
20062,119.0
20069,119.0
20076,-89.0
20083,111.0
20090,-118.0
20097,114.0
20104,-131.0
20111,-131.0
20118,105.0
20125,97.0
20132,-21.0
20139,108.0
20146,-121.0
20153,83.0
20160,158.0
20167,133.0
20174,-112.0
20181,-90.0
20188,-123.0
20195,-123.0
20202,-123.0
20209,-123.0
20216,-123.0
20223,-103.0
20230,-103.0
20237,-136.0
20244,107.0
20251,149.0
20258,64.0
20265,64.0
20272,64.0
20279,1.0
20286,1.0
20293,1.0
20300,62.0
20307,43.0
20314,100.0
20321,79.0
20328,-35.0
20335,57.0
20342,57.0
20349,-124.0
20356,128.0
20363,128.0
20370,-140.0
20377,113.0
20384,-141.0
20391,-141.0
20398,-141.0
20405,-119.0
20412,68.0
20419,-65.0
20426,-62.0
20433,84.0
20440,109.0
20447,-105.0
20454,11.0
20461,-71.0
20468,63.0
20475,-43.0
20482,-43.0
20489,107.0
20496,-27.0
20503,52.0
20510,52.0
20517,52.0
20524,52.0
20531,113.0
20538,113.0
20545,-96.0
20552,115.0
20559,-96.0
20566,-38.0
20573,-38.0
20580,94.0
20587,-69.0
20594,95.0
20601,25.0
20608,34.0
20615,84.0
20622,127.0
20629,-40.0
20636,-80.0
20643,-80.0
20650,-80.0
20657,-100.0
20664,40.0
20671,73.0
20678,-88.0
20685,110.0
20692,-92.0
20699,-87.0
20706,-87.0
20713,-108.0
20720,118.0
20727,103.0
20734,54.0
20741,110.0
20748,-97.0
20755,-161.0
20762,-161.0
20769,-161.0
20776,-161.0
20783,-161.0
20790,-85.0
20797,-67.0
20804,106.0
20811,128.0
20818,-120.0
20825,-49.0
20832,106.0
20839,-54.0
20846,57.0
20853,57.0
20860,57.0
20867,57.0
20874,-124.0
20881,-124.0
20888,-116.0
20895,-116.0
20902,-39.0
20909,-69.0
20916,101.0
20923,-64.0
20930,-64.0
20937,-64.0
20944,-141.0
20951,-141.0
20958,-141.0
20965,-141.0
20972,93.0
20979,78.0
20986,-111.0
20993,-111.0
21000,82.0
21007,26.0
21014,18.0
21021,18.0
21028,-81.0
21035,74.0
21042,-114.0
21049,26.0
21056,31.0
21063,61.0
21070,61.0
21077,-109.0
21084,-109.0
21091,66.0
21098,127.0
21105,124.0
21112,123.0
21119,-90.0
21126,75.0
21133,75.0
21140,75.0
21147,-145.0
21154,-73.0
21161,113.0
21168,54.0
21175,-57.0
21182,-57.0
21189,31.0
21196,-45.0
21203,89.0
21210,-74.0
21217,-74.0
21224,-74.0
21231,-47.0
21238,-47.0
21245,-100.0
21252,27.0
21259,-101.0
21266,11.0
21273,90.0
21280,90.0
21287,97.0
21294,-102.0
21301,-102.0
21308,-98.0
21315,-15.0
21322,20.0
21329,-100.0
21336,-17.0
21343,51.0
21350,51.0
21357,51.0
21364,128.0
21371,86.0
21378,108.0
21385,-126.0
21392,-33.0
21399,-33.0
21406,-43.0
21413,-89.0
21420,-89.0
21427,-89.0
21434,41.0
21441,100.0
21448,-78.0
21455,64.0
21462,64.0
21469,64.0
21476,64.0
21483,118.0
21490,10.0
21497,46.0
21504,46.0
21511,66.0
21518,-76.0
21525,100.0
21532,55.0
21539,165.0
21546,133.0
21553,56.0
21560,-101.0
21567,-132.0
21574,108.0
21581,-68.0
21588,-68.0
21595,61.0
21602,-71.0
21609,105.0
21616,121.0
21623,77.0
21630,27.0
21637,27.0
21644,-12.0
21651,-144.0
21658,-144.0
21665,-85.0
21672,-145.0
21679,107.0
21686,106.0
21693,10.0
21700,105.0
21707,100.0
21714,100.0
21721,100.0
21728,-102.0
21735,85.0
21742,82.0
21749,26.0
21756,147.0
21763,77.0
21770,51.0
21777,100.0
21784,85.0
21791,32.0
21798,29.0
21805,29.0
21812,85.0
21819,85.0
21826,94.0
21833,109.0
21840,109.0
21847,109.0
21854,109.0
21861,109.0
21868,109.0
21875,109.0
21882,101.0
21889,101.0
21896,101.0
21903,101.0
21910,101.0
21917,50.0
21924,50.0
21931,50.0
21938,104.0
21945,-42.0
21952,-42.0
21959,72.0
21966,-158.0
21973,-94.0
21980,-94.0
21987,-94.0
21994,-94.0
22001,15.0
22008,15.0
22015,-67.0
22022,102.0
22029,134.0
22036,52.0
22043,-138.0
22050,-45.0
22057,83.0
22064,13.0
22071,86.0
22078,87.0
22085,112.0
22092,-163.0
22099,125.0
22106,105.0
22113,-17.0
22120,-17.0
22127,-33.0
22134,107.0
22141,100.0
22148,105.0
22155,-106.0
22162,-138.0
22169,-102.0
22176,113.0
22183,113.0
22190,46.0
22197,-116.0
22204,-116.0
22211,103.0
22218,103.0
22225,41.0
22232,-102.0
22239,-114.0
22246,-132.0
22253,95.0
22260,95.0
22267,-57.0
22274,143.0
22281,143.0
22288,143.0
22295,104.0
22302,-145.0
22309,156.0
22316,-147.0
22323,107.0
22330,-103.0
22337,-103.0
22344,-103.0
22351,-103.0
22358,-42.0
22365,-105.0
22372,106.0
22379,106.0
22386,106.0
22393,115.0
22400,115.0
22407,110.0
22414,110.0
22421,110.0
22428,110.0
22435,110.0
22442,110.0
22449,145.0
22456,-66.0
22463,32.0
22470,32.0
22477,32.0
22484,157.0
22491,157.0
22498,121.0
22505,121.0
22512,-97.0
22519,52.0
22526,149.0
22533,74.0
22540,74.0
22547,74.0
22554,-72.0
22561,-113.0
22568,-113.0
22575,100.0
22582,100.0
22589,170.0
22596,170.0
22603,-69.0
22610,-69.0
22617,116.0
22624,116.0
22631,-29.0
22638,114.0
22645,114.0
22652,-136.0
22659,115.0
22666,150.0
22673,150.0
22680,121.0
22687,121.0
22694,-135.0
22701,-65.0
22708,-65.0
22715,-68.0
22722,-68.0
22729,137.0
22736,-86.0
22743,-119.0
22750,61.0
22757,103.0
22764,132.0
22771,-118.0
22778,-118.0
22785,-106.0
22792,141.0
22799,-126.0
22806,91.0
22813,105.0
22820,136.0
22827,136.0
22834,69.0
22841,-39.0
22848,-128.0
22855,-64.0
22862,-109.0
22869,-109.0
22876,111.0
22883,-28.0
22890,-28.0
22897,-152.0
22904,-42.0
22911,-47.0
22918,101.0
22925,-138.0
22932,111.0
22939,139.0
22946,139.0
22953,123.0
22960,102.0
22967,-114.0
22974,-114.0
22981,-114.0
22988,161.0
22995,161.0
23002,161.0
23009,161.0
23016,161.0
23023,-28.0
23030,-28.0
23037,-108.0
23044,-108.0
23051,-108.0
23058,109.0
23065,-56.0
23072,139.0
23079,121.0
23086,138.0
23093,-52.0
23100,105.0
23107,117.0
23114,117.0
23121,-170.0
23128,-103.0
23135,-103.0
23142,-114.0
23149,-114.0
23156,-150.0
23163,33.0
23170,92.0
23177,160.0
23184,160.0
23191,160.0
23198,99.0
23205,107.0
23212,122.0
23219,122.0
23226,-79.0
23233,41.0
23240,-138.0
23247,-133.0
23254,-133.0
23261,-133.0
23268,-133.0
23275,-133.0
23282,-138.0
23289,-129.0
23296,141.0
23303,94.0
23310,94.0
23317,94.0
23324,-132.0
23331,-132.0
23338,-132.0
23345,59.0
23352,138.0
23359,138.0
23366,-91.0
23373,-101.0
23380,-101.0
23387,-101.0
23394,-101.0
23401,122.0
23408,-54.0
23415,-80.0
23422,-139.0
23429,15.0
23436,103.0
23443,-106.0
23450,150.0
23457,-10.0
23464,104.0
23471,50.0
23478,40.0
23485,72.0
23492,124.0
23499,124.0
23506,-120.0
23513,-106.0
23520,-139.0
23527,-139.0
23534,129.0
23541,129.0
23548,-130.0
23555,-118.0
23562,-118.0
23569,-118.0
23576,79.0
23583,119.0
23590,119.0
23597,-124.0
23604,-106.0
23611,109.0
23618,122.0
23625,123.0
23632,116.0
23639,116.0
23646,116.0
23653,101.0
23660,-35.0
23667,-112.0
23674,108.0
23681,-83.0
23688,118.0
23695,121.0
23702,106.0
23709,74.0
23716,128.0
23723,104.0
23730,139.0
23737,74.0
23744,126.0
23751,-126.0
23758,-142.0
23765,123.0
23772,-108.0
23779,-116.0
23786,113.0
23793,108.0
23800,-53.0
23807,107.0
23814,118.0
23821,-40.0
23828,-38.0
23835,108.0
23842,-119.0
23849,-148.0
23856,-125.0
23863,-125.0
23870,-125.0
23877,-101.0
23884,-101.0
23891,106.0
23898,-82.0
23905,128.0
23912,-146.0
23919,-146.0
23926,-146.0
23933,-146.0
23940,-124.0
23947,-131.0
23954,-45.0
23961,112.0
23968,103.0
23975,110.0
23982,135.0
23989,121.0
23996,150.0
24003,121.0
24010,121.0
24017,126.0
24024,126.0
24031,116.0
24038,121.0
24045,144.0
24052,-121.0
24059,123.0
24066,14.0
24073,14.0
24080,143.0
24087,115.0
24094,120.0
24101,-105.0
24108,168.0
24115,-118.0
24122,144.0
24129,110.0
24136,-170.0
24143,-122.0
24150,32.0
24157,-139.0
24164,147.0
24171,-46.0
24178,-182.0
24185,-121.0
24192,177.0
24199,-146.0
24206,111.0
24213,175.0
24220,175.0
24227,-119.0
24234,-167.0
24241,159.0
24248,159.0
24255,-87.0
24262,-163.0
24269,-163.0
24276,180.0
24283,165.0
24290,165.0
24297,-170.0
24304,122.0
24311,176.0
24318,201.0
24325,102.0
24332,-111.0
24339,130.0
24346,-119.0
24353,106.0
24360,101.0
24367,117.0
24374,93.0
24381,100.0
24388,87.0
24395,87.0
24402,11.0
24409,73.0
24416,-18.0
24423,-22.0
24430,-22.0
24437,85.0
24444,85.0
24451,85.0
24458,112.0
24465,-89.0
24472,-89.0
24479,113.0
24486,113.0
24493,57.0
24500,44.0
24507,-95.0
24514,-95.0
24521,26.0
24528,64.0
24535,113.0
24542,116.0
24549,-32.0
24556,123.0
24563,123.0
24570,58.0
24577,113.0
24584,126.0
24591,62.0
24598,62.0
24605,-107.0
24612,101.0
24619,16.0
24626,100.0
24633,94.0
24640,-105.0
24647,-57.0
24654,-44.0
24661,98.0
24668,98.0
24675,98.0
24682,49.0
24689,58.0
24696,-46.0
24703,69.0
24710,69.0
24717,69.0
24724,69.0
24731,44.0
24738,91.0
24745,104.0
24752,-102.0
24759,-72.0
24766,33.0
24773,83.0
24780,83.0
24787,77.0
24794,108.0
24801,108.0
24808,108.0
24815,108.0
24822,108.0
24829,108.0
24836,-36.0
24843,39.0
24850,95.0
24857,142.0
24864,142.0
24871,47.0
24878,-113.0
24885,133.0
24892,-134.0
24899,-134.0
24906,108.0
24913,-22.0
24920,-82.0
24927,113.0
24934,-52.0
24941,113.0
24948,54.0
24955,-119.0
24962,-119.0
24969,112.0
24976,-78.0
24983,-163.0
24990,23.0
24997,-127.0
25004,83.0
25011,117.0
25018,114.0
25025,114.0
25032,-123.0
25039,113.0
25046,128.0
25053,-129.0
25060,-63.0
25067,-102.0
25074,127.0
25081,136.0
25088,133.0
25095,116.0
25102,-117.0
25109,-122.0
25116,22.0
25123,-160.0
25130,-160.0
25137,-160.0
25144,110.0
25151,103.0
25158,-127.0
25165,-127.0
25172,74.0
25179,74.0
25186,113.0
25193,-73.0
25200,35.0
25207,105.0
25214,-45.0
25221,139.0
25228,-83.0
25235,145.0
25242,103.0
25249,103.0
25256,106.0
25263,-134.0
25270,-138.0
25277,136.0
25284,-136.0
25291,113.0
25298,-76.0
25305,-60.0
25312,-60.0
25319,100.0
25326,-35.0
25333,-56.0
25340,81.0
25347,109.0
25354,12.0
25361,-107.0
25368,-107.0
25375,90.0
25382,90.0
25389,-79.0
25396,-92.0
25403,-92.0
25410,-56.0
25417,64.0
25424,-101.0
25431,141.0
25438,-87.0
25445,89.0
25452,89.0
25459,-83.0
25466,-83.0
25473,51.0
25480,-117.0
25487,-174.0
25494,-46.0
25501,151.0
25508,95.0
25515,-133.0
25522,-38.0
25529,41.0
25536,165.0
25543,169.0
25550,-82.0
25557,-109.0
25564,-171.0
25571,-74.0
25578,72.0
25585,-122.0
25592,-154.0
25599,-167.0
25606,-180.0
25613,-180.0
25620,-135.0
25627,-77.0
25634,-149.0
25641,120.0
25648,-106.0
25655,-106.0
25662,158.0
25669,-102.0
25676,-102.0
25683,145.0
25690,145.0
25697,145.0
25704,-54.0
25711,42.0
25718,42.0
25725,-141.0
25732,90.0
25739,90.0
25746,130.0
25753,141.0
25760,-24.0
25767,-24.0
25774,-72.0
25781,-151.0
25788,-124.0
25795,143.0
25802,128.0
25809,145.0
25816,-124.0
25823,168.0
25830,147.0
25837,222.0
25844,222.0
25851,222.0
25858,-68.0
25865,104.0
25872,164.0
25879,-132.0
25886,-173.0
25893,-150.0
25900,-89.0
25907,-91.0
25914,128.0
25921,155.0
25928,-106.0
25935,151.0
25942,198.0
25949,198.0
25956,147.0
25963,-139.0
25970,-137.0
25977,-127.0
25984,-127.0
25991,-127.0
25998,-127.0
26005,126.0
26012,-169.0
26019,193.0
26026,193.0
26033,123.0
26040,127.0
26047,113.0
26054,135.0
26061,-144.0
26068,-144.0
26075,-135.0
26082,-110.0
26089,111.0
26096,100.0
26103,-183.0
26110,-183.0
26117,-160.0
26124,-101.0
26131,-152.0
26138,-168.0
26145,-114.0
26152,-143.0
26159,146.0
26166,-102.0
26173,141.0
26180,165.0
26187,-163.0
26194,-132.0
26201,-123.0
26208,123.0
26215,123.0
26222,113.0
26229,175.0
26236,175.0
26243,98.0
26250,-150.0
26257,164.0
26264,110.0
26271,-146.0
26278,-146.0
26285,167.0
26292,105.0
26299,101.0
26306,-40.0
26313,-133.0
26320,198.0
26327,-135.0
26334,127.0
26341,37.0
26348,148.0
26355,-170.0
26362,130.0
26369,-129.0
26376,102.0
26383,-141.0
26390,170.0
26397,-76.0
26404,76.0
26411,81.0
26418,134.0
26425,134.0
26432,134.0
26439,73.0
26446,-60.0
26453,55.0
26460,116.0
26467,17.0
26474,-20.0
26481,98.0
26488,-123.0
26495,-123.0
26502,111.0
26509,-106.0
26516,109.0
26523,26.0
26530,104.0
26537,104.0
26544,131.0
26551,131.0
26558,125.0
26565,116.0
26572,-117.0
26579,-117.0
26586,-137.0
26593,-137.0
26600,-137.0
26607,107.0
26614,-91.0
26621,22.0
26628,103.0
26635,104.0
26642,-107.0
26649,-107.0
26656,-116.0
26663,-116.0
26670,73.0
26677,61.0
26684,61.0
26691,114.0
26698,114.0
26705,114.0
26712,-106.0
26719,104.0
26726,104.0
26733,102.0
26740,77.0
26747,100.0
26754,110.0
26761,28.0
26768,101.0
26775,102.0
26782,-65.0
26789,-101.0
26796,-74.0
26803,-66.0
26810,-97.0
26817,-115.0
26824,-102.0
26831,-110.0
26838,116.0
26845,114.0
26852,-107.0
26859,100.0
26866,118.0
26873,-102.0
26880,32.0
26887,105.0
26894,76.0
26901,108.0
26908,108.0
26915,-101.0
26922,-101.0
26929,-101.0
26936,-101.0
26943,-89.0
26950,-31.0
26957,100.0
26964,100.0
26971,-116.0
26978,-88.0
26985,-88.0
26992,107.0
26999,-35.0
27006,-103.0
27013,-121.0
27020,-102.0
27027,-102.0
27034,-102.0
27041,141.0
27048,141.0
27055,141.0
27062,-52.0
27069,-133.0
27076,-60.0
27083,141.0
27090,82.0
27097,-126.0
27104,-126.0
27111,-116.0
27118,149.0
27125,-130.0
27132,-113.0
27139,-113.0
27146,-99.0
27153,-125.0
27160,-138.0
27167,-61.0
27174,15.0
27181,-76.0
27188,-95.0
27195,103.0
27202,116.0
27209,66.0
27216,-103.0
27223,-133.0
27230,-123.0
27237,-97.0
27244,98.0
27251,98.0
27258,-76.0
27265,-119.0
27272,-125.0
27279,-125.0
27286,-125.0
27293,109.0
27300,112.0
27307,137.0
27314,137.0
27321,-86.0
27328,-86.0
27335,77.0
27342,148.0
27349,115.0
27356,47.0
27363,115.0
27370,104.0
27377,123.0
27384,-106.0
27391,-106.0
27398,135.0
27405,135.0
27412,-112.0
27419,-107.0
27426,107.0
27433,-125.0
27440,94.0
27447,120.0
27454,116.0
27461,99.0
27468,106.0
27475,137.0
27482,104.0
27489,-129.0
27496,-111.0
27503,112.0
27510,-137.0
27517,-137.0
27524,115.0
27531,142.0
27538,-130.0
27545,20.0
27552,-168.0
27559,-16.0
27566,-46.0
27573,-52.0
27580,-88.0
27587,125.0
27594,-123.0
27601,-173.0
27608,-173.0
27615,-108.0
27622,159.0
27629,-135.0
27636,121.0
27643,-176.0
27650,141.0
27657,-107.0
27664,-139.0
27671,-139.0
27678,133.0
27685,116.0
27692,-122.0
27699,-154.0
27706,-118.0
27713,-111.0
27720,-123.0
27727,-139.0
27734,133.0
27741,133.0
27748,56.0
27755,119.0
27762,-111.0
27769,-111.0
27776,125.0
27783,125.0
27790,129.0
27797,128.0
27804,128.0
27811,74.0
27818,74.0
27825,100.0
27832,-84.0
27839,123.0
27846,-138.0
27853,122.0
27860,-155.0
27867,-76.0
27874,111.0
27881,152.0
27888,137.0
27895,134.0
27902,-122.0
27909,161.0
27916,-97.0
27923,-152.0
27930,-152.0
27937,-165.0
27944,-135.0
27951,113.0
27958,126.0
27965,-156.0
27972,141.0
27979,-139.0
27986,165.0
27993,141.0
28000,-129.0
28007,100.0
28014,100.0
28021,-163.0
28028,129.0
28035,-146.0
28042,114.0
28049,-92.0
28056,-139.0
28063,-139.0
28070,-133.0
28077,134.0
28084,129.0
28091,160.0
28098,-148.0
28105,140.0
28112,140.0
28119,140.0
28126,-143.0
28133,-143.0
28140,-143.0
28147,-143.0
28154,-97.0
28161,-130.0
28168,115.0
28175,-164.0
28182,189.0
28189,189.0
28196,114.0
28203,157.0
28210,157.0
28217,-147.0
28224,-147.0
28231,-147.0
28238,-122.0
28245,-125.0
28252,-125.0
28259,-125.0
28266,-123.0
28273,-125.0
28280,-98.0
28287,-50.0
28294,-168.0
28301,-167.0
28308,-131.0
28315,112.0
28322,-155.0
28329,-143.0
28336,113.0
28343,119.0
28350,-87.0
28357,123.0
28364,123.0
28371,123.0
28378,-31.0
28385,-122.0
28392,-122.0
28399,133.0
28406,133.0
28413,-178.0
28420,156.0
28427,-138.0
28434,-138.0
28441,-154.0
28448,-146.0
28455,127.0
28462,127.0
28469,113.0
28476,113.0
28483,113.0
28490,113.0
28497,113.0
28504,113.0
28511,132.0
28518,-9.0
28525,141.0
28532,140.0
28539,140.0
28546,-113.0
28553,110.0
28560,-75.0
28567,-25.0
28574,127.0
28581,-126.0
28588,-105.0
28595,-106.0
28602,190.0
28609,-58.0
28616,17.0
28623,144.0
28630,121.0
28637,107.0
28644,129.0
28651,129.0
28658,129.0
28665,129.0
28672,129.0
28679,129.0
28686,129.0
28693,-38.0
28700,122.0
28707,175.0
28714,106.0
28721,-85.0
28728,146.0
28735,107.0
28742,50.0
28749,-151.0
28756,-151.0
28763,179.0
28770,145.0
28777,145.0
28784,145.0
28791,145.0
28798,160.0
28805,160.0
28812,160.0
28819,110.0
28826,110.0
28833,127.0
28840,-18.0
28847,71.0
28854,-180.0
28861,144.0
28868,69.0
28875,159.0
28882,133.0
28889,126.0
28896,-124.0
28903,104.0
28910,104.0
28917,-108.0
28924,-176.0
28931,-176.0
28938,-117.0
28945,104.0
28952,-115.0
28959,139.0
28966,-64.0
28973,-32.0
28980,117.0
28987,-69.0
28994,100.0
29001,104.0
29008,125.0
29015,-123.0
29022,110.0
29029,-91.0
29036,136.0
29043,114.0
29050,-137.0
29057,-71.0
29064,119.0
29071,132.0
29078,-128.0
29085,113.0
29092,-160.0
29099,-160.0
29106,-160.0
29113,138.0
29120,50.0
29127,-131.0
29134,106.0
29141,52.0
29148,153.0
29155,153.0
29162,153.0
29169,-147.0
29176,-133.0
29183,-118.0
29190,-118.0
29197,-140.0
29204,-140.0
29211,-29.0
29218,120.0
29225,-102.0
29232,51.0
29239,45.0
29246,149.0
29253,-131.0
29260,-131.0
29267,153.0
29274,142.0
29281,-55.0
29288,139.0
29295,139.0
29302,139.0
29309,-81.0
29316,-105.0
29323,79.0
29330,103.0
29337,99.0
29344,-65.0
29351,171.0
29358,-61.0
29365,-61.0
29372,-23.0
29379,155.0
29386,-69.0
29393,-54.0
29400,29.0
29407,-133.0
29414,52.0
29421,-27.0
29428,-27.0
29435,-161.0
29442,-161.0
29449,115.0
29456,150.0
29463,153.0
29470,152.0
29477,-150.0
29484,-154.0
29491,-114.0
29498,-114.0
29505,-114.0
29512,-114.0
29519,-114.0
29526,-114.0
29533,-114.0
29540,145.0
29547,136.0
29554,136.0
29561,-77.0
29568,95.0
29575,95.0
29582,110.0
29589,-184.0
29596,147.0
29603,-176.0
29610,-176.0
29617,-178.0
29624,-138.0
29631,-84.0
29638,156.0
29645,156.0
29652,137.0
29659,-156.0
29666,-156.0
29673,-155.0
29680,89.0
29687,191.0
29694,-73.0
29701,-179.0
29708,-179.0
29715,-179.0
29722,-156.0
29729,-119.0
29736,-119.0
29743,-112.0
29750,32.0
29757,97.0
29764,117.0
29771,29.0
29778,107.0
29785,-111.0
29792,-116.0
29799,113.0
29806,113.0
29813,-90.0
29820,109.0
29827,-23.0
29834,115.0
29841,115.0
29848,-110.0
29855,105.0
29862,10.0
29869,96.0
29876,100.0
29883,75.0
29890,103.0
29897,103.0
29904,82.0
29911,104.0
29918,104.0
29925,104.0
29932,104.0
29939,110.0
29946,-26.0
29953,-101.0
29960,-103.0
29967,113.0
29974,113.0
29981,113.0
29988,-51.0
29995,-109.0
30002,110.0
30009,118.0
30016,42.0
30023,-110.0
30030,-12.0
30037,-83.0
30044,116.0
30051,116.0
30058,-104.0
30065,-117.0
30072,73.0
30079,-79.0
30086,-111.0
30093,-111.0
30100,-80.0
30107,-76.0
30114,-102.0
30121,69.0
30128,-108.0
30135,-125.0
30142,-125.0
30149,-109.0
30156,-90.0
30163,36.0
30170,112.0
30177,-117.0
30184,-117.0
30191,-117.0
30198,105.0
30205,42.0
30212,100.0
30219,121.0
30226,121.0
30233,121.0
30240,121.0
30247,121.0
30254,121.0
30261,88.0
30268,102.0
30275,-26.0
30282,-93.0
30289,-19.0
30296,-73.0
30303,-73.0
30310,-66.0
30317,-66.0
30324,98.0
30331,114.0
30338,100.0
30345,-98.0
30352,107.0
30359,41.0
30366,95.0
30373,95.0
30380,95.0
30387,122.0
30394,131.0
30401,125.0
30408,125.0
30415,-117.0
30422,45.0
30429,-151.0
30436,-57.0
30443,-137.0
30450,-109.0
30457,75.0
30464,156.0
30471,110.0
30478,-138.0
30485,109.0
30492,-69.0
30499,-121.0
30506,-92.0
30513,-108.0
30520,-104.0
30527,126.0
30534,-83.0
30541,103.0
30548,-125.0
30555,-74.0
30562,-74.0
30569,108.0
30576,108.0
30583,-119.0
30590,-119.0
30597,136.0
30604,136.0
30611,-67.0
30618,-69.0
30625,1.0
30632,-55.0
30639,-102.0
30646,103.0
30653,110.0
30660,106.0
30667,-87.0
30674,54.0
30681,119.0
30688,-138.0
30695,142.0
30702,147.0
30709,-108.0
30716,108.0
30723,109.0
30730,38.0
30737,-107.0
30744,-107.0
30751,-107.0
30758,-117.0
30765,-111.0
30772,-110.0
30779,106.0
30786,66.0
30793,-38.0
30800,110.0
30807,-112.0
30814,-112.0
30821,-112.0
30828,99.0
30835,-108.0
30842,-38.0
30849,73.0
30856,93.0
30863,88.0
30870,-34.0
30877,-113.0
30884,100.0
30891,101.0
30898,-109.0
30905,-109.0
30912,113.0
30919,112.0
30926,100.0
30933,-59.0
30940,-59.0
30947,121.0
30954,112.0
30961,117.0
30968,-102.0
30975,82.0
30982,82.0
30989,116.0
30996,116.0
31003,102.0
31010,102.0
31017,102.0
31024,-96.0
31031,-96.0
31038,114.0
31045,-76.0
31052,100.0
31059,105.0
31066,71.0
31073,71.0
31080,94.0
31087,94.0
31094,-71.0
31101,106.0
31108,-42.0
31115,-111.0
31122,94.0
31129,94.0
31136,108.0
31143,-69.0
31150,-91.0
31157,107.0
31164,-110.0
31171,106.0
31178,69.0
31185,-66.0
31192,-149.0
31199,-149.0
31206,-69.0
31213,-136.0
31220,-129.0
31227,71.0
31234,-112.0
31241,154.0
31248,144.0
31255,-165.0
31262,122.0
31269,-159.0
31276,-159.0
31283,149.0
31290,149.0
31297,149.0
31304,-138.0
31311,-145.0
31318,136.0
31325,-165.0
31332,-165.0
31339,100.0
31346,-165.0
31353,184.0
31360,157.0
31367,-144.0
31374,-144.0
31381,77.0
31388,-129.0
31395,-129.0
31402,-129.0
31409,-129.0
31416,132.0
31423,-148.0
31430,112.0
31437,116.0
31444,-16.0
31451,-16.0
31458,-138.0
31465,-138.0
31472,-82.0
31479,34.0
31486,-91.0
31493,115.0
31500,136.0
31507,116.0
31514,-35.0
31521,-35.0
31528,-125.0
31535,-132.0
31542,183.0
31549,183.0
31556,-132.0
31563,-107.0
31570,105.0
31577,-26.0
31584,116.0
31591,116.0
31598,-111.0
31605,-135.0
31612,-33.0
31619,-49.0
31626,113.0
31633,107.0
31640,136.0
31647,-134.0
31654,106.0
31661,106.0
31668,157.0
31675,-122.0
31682,-114.0
31689,-101.0
31696,-101.0
31703,149.0
31710,149.0
31717,-65.0
31724,-65.0
31731,-147.0
31738,104.0
31745,-96.0
31752,-96.0
31759,-133.0
31766,-154.0
31773,-8.0
31780,110.0
31787,12.0
31794,146.0
31801,-128.0
31808,-116.0
31815,-116.0
31822,-138.0
31829,-138.0
31836,-138.0
31843,-71.0
31850,67.0
31857,118.0
31864,118.0
31871,-95.0
31878,120.0
31885,120.0
31892,-148.0
31899,137.0
31906,137.0
31913,72.0
31920,106.0
31927,114.0
31934,140.0
31941,101.0
31948,90.0
31955,90.0
31962,90.0
31969,90.0
31976,90.0
31983,96.0
31990,-71.0
31997,17.0
32004,31.0
32011,31.0
32018,13.0
32025,13.0
32032,-57.0
32039,12.0
32046,32.0
32053,46.0
32060,95.0
32067,19.0
32074,70.0
32081,29.0
32088,18.0
32095,35.0
32102,38.0
32109,84.0
32116,84.0
32123,27.0
32130,80.0
32137,80.0
32144,46.0
32151,76.0
32158,48.0
32165,48.0
32172,49.0
32179,87.0
32186,33.0
32193,33.0
32200,38.0
32207,56.0
32214,83.0
32221,-16.0
32228,92.0
32235,92.0
32242,92.0
32249,-31.0
32256,-66.0
32263,-73.0
32270,33.0
32277,40.0
32284,110.0
32291,-76.0
32298,-67.0
32305,94.0
32312,94.0
32319,-58.0
32326,-58.0
32333,-126.0
32340,-124.0
32347,110.0
32354,110.0
32361,110.0
32368,-53.0
32375,114.0
32382,-36.0
32389,-32.0
32396,108.0
32403,97.0
32410,105.0
32417,-112.0
32424,-112.0
32431,-112.0
32438,101.0
32445,137.0
32452,-84.0
32459,-129.0
32466,95.0
32473,95.0
32480,102.0
32487,102.0
32494,99.0
32501,99.0
32508,99.0
32515,99.0
32522,99.0
32529,-66.0
32536,122.0
32543,122.0
32550,122.0
32557,122.0
32564,-95.0
32571,103.0
32578,-120.0
32585,103.0
32592,103.0
32599,102.0
32606,102.0
32613,-117.0
32620,-117.0
32627,-117.0
32634,98.0
32641,98.0
32648,108.0
32655,121.0
32662,30.0
32669,-77.0
32676,-80.0
32683,-108.0
32690,-108.0
32697,54.0
32704,-41.0
32711,-41.0
32718,-41.0
32725,-41.0
32732,70.0
32739,135.0
32746,-100.0
32753,80.0
32760,93.0
32767,102.0
32774,102.0
32781,109.0
32788,-57.0
32795,-57.0
32802,76.0
32809,102.0
32816,43.0
32823,43.0
32830,97.0
32837,139.0
32844,-84.0
32851,-25.0
32858,-113.0
32865,-113.0
32872,-71.0
32879,-67.0
32886,-104.0
32893,-117.0
32900,-103.0
32907,-120.0
32914,-118.0
32921,108.0
32928,107.0
32935,-100.0
32942,-96.0
32949,146.0
32956,146.0
32963,146.0
32970,-104.0
32977,-16.0
32984,-133.0
32991,103.0
32998,114.0
33005,111.0
33012,111.0
33019,111.0
33026,94.0
33033,96.0
33040,100.0
33047,61.0
33054,17.0
33061,97.0
33068,97.0
33075,-119.0
33082,-119.0
33089,-119.0
33096,137.0
33103,102.0
33110,-106.0
33117,-98.0
33124,-99.0
33131,-166.0
33138,86.0
33145,-113.0
33152,110.0
33159,110.0
33166,110.0
33173,29.0
33180,-139.0
33187,-139.0
33194,-97.0
33201,104.0
33208,138.0
33215,-70.0
33222,-70.0
33229,-70.0
33236,-106.0
33243,-106.0
